index, stamp_sec, stamp_usec
0,1638440656,417443
1,1638440656,516527
2,1638440656,564283
3,1638440656,614503
4,1638440656,665817
5,1638440656,714567
6,1638440656,765255
7,1638440656,815664
8,1638440656,866883
9,1638440656,918924
10,1638440656,970657
11,1638440657,22522
12,1638440657,71442
13,1638440657,120916
14,1638440657,171235
15,1638440657,220760
16,1638440657,271093
17,1638440657,320539
18,1638440657,371121
19,1638440657,420648
20,1638440657,470943
21,1638440657,520461
22,1638440657,570823
23,1638440657,620500
24,1638440657,670794
25,1638440657,720418
26,1638440657,770721
27,1638440657,820179
28,1638440657,870740
29,1638440657,919964
30,1638440657,970474
31,1638440658,20037
32,1638440658,70510
33,1638440658,119986
34,1638440658,170291
35,1638440658,219763
36,1638440658,270679
37,1638440658,320252
38,1638440658,370307
39,1638440658,420667
40,1638440658,470156
41,1638440658,519921
42,1638440658,570317
43,1638440658,619474
44,1638440658,670059
45,1638440658,719770
46,1638440658,770329
47,1638440658,819616
48,1638440658,869857
49,1638440658,919718
50,1638440658,969916
51,1638440659,19579
52,1638440659,69619
53,1638440659,119364
54,1638440659,169689
55,1638440659,219843
56,1638440659,269947
57,1638440659,319714
58,1638440659,370026
59,1638440659,419508
60,1638440659,469419
61,1638440659,521951
62,1638440659,569389
63,1638440659,618868
64,1638440659,669308
65,1638440659,719220
66,1638440659,769395
67,1638440659,819514
68,1638440659,869385
69,1638440659,919115
70,1638440659,968916
71,1638440660,19085
72,1638440660,69732
73,1638440660,118801
74,1638440660,168874
75,1638440660,219067
76,1638440660,268934
77,1638440660,318984
78,1638440660,369143
79,1638440660,418497
80,1638440660,469314
81,1638440660,518795
82,1638440660,568466
83,1638440660,618882
84,1638440660,668095
85,1638440660,718766
86,1638440660,768331
87,1638440660,819361
88,1638440660,868289
89,1638440660,918823
90,1638440660,968355
91,1638440661,18221
92,1638440661,67930
93,1638440661,118483
94,1638440661,167252
95,1638440661,217657
96,1638440661,267472
97,1638440661,317581
98,1638440661,367146
99,1638440661,417410
100,1638440661,467045
101,1638440661,517270
102,1638440661,566910
103,1638440661,619323
104,1638440661,667004
105,1638440661,717653
106,1638440661,767767
107,1638440661,817579
108,1638440661,867300
109,1638440661,917714
110,1638440661,966907
111,1638440662,16862
112,1638440662,66549
113,1638440662,118369
114,1638440662,166939
115,1638440662,216841
116,1638440662,267693
117,1638440662,316785
118,1638440662,366410
119,1638440662,416590
120,1638440662,466272
121,1638440662,519250
122,1638440662,566382
123,1638440662,616515
124,1638440662,667382
125,1638440662,717973
126,1638440662,767617
127,1638440662,817652
128,1638440662,866586
129,1638440662,917109
130,1638440662,967023
131,1638440663,17037
132,1638440663,66604
133,1638440663,116800
134,1638440663,166858
135,1638440663,216860
136,1638440663,266257
137,1638440663,316824
138,1638440663,367014
139,1638440663,416895
140,1638440663,466506
141,1638440663,516317
142,1638440663,565680
143,1638440663,616209
144,1638440663,665712
145,1638440663,716534
146,1638440663,766490
147,1638440663,816108
148,1638440663,866530
149,1638440663,917056
150,1638440663,966487
151,1638440664,16858
152,1638440664,66793
153,1638440664,116753
154,1638440664,166324
155,1638440664,216909
156,1638440664,266842
157,1638440664,317600
158,1638440664,366563
159,1638440664,416773
160,1638440664,466681
161,1638440664,516916
162,1638440664,566335
163,1638440664,616475
164,1638440664,666233
165,1638440664,716687
166,1638440664,766242
167,1638440664,816330
168,1638440664,865703
169,1638440664,916206
170,1638440664,965958
171,1638440665,16153
172,1638440665,65768
173,1638440665,116125
174,1638440665,166179
175,1638440665,216507
176,1638440665,266586
177,1638440665,317366
178,1638440665,366585
179,1638440665,417573
180,1638440665,467174
181,1638440665,521257
182,1638440665,567391
183,1638440665,617967
184,1638440665,667644
185,1638440665,718526
186,1638440665,767977
187,1638440665,818369
188,1638440665,868106
189,1638440665,918675
190,1638440665,967730
191,1638440666,19120
192,1638440666,68211
193,1638440666,118677
194,1638440666,168047
195,1638440666,218447
196,1638440666,267931
197,1638440666,318540
198,1638440666,368144
199,1638440666,420458
200,1638440666,467948
201,1638440666,518707
202,1638440666,567747
203,1638440666,618501
204,1638440666,667950
205,1638440666,718489
206,1638440666,767767
207,1638440666,818334
208,1638440666,867622
209,1638440666,917656
210,1638440666,967588
211,1638440667,17951
212,1638440667,67248
213,1638440667,117965
214,1638440667,167326
215,1638440667,217650
216,1638440667,267322
217,1638440667,317122
218,1638440667,366863
219,1638440667,417094
220,1638440667,466698
221,1638440667,516349
222,1638440667,566138
223,1638440667,616566
224,1638440667,666361
225,1638440667,715942
226,1638440667,766755
227,1638440667,815797
228,1638440667,865606
229,1638440667,915705
230,1638440667,965308
231,1638440668,15681
232,1638440668,65337
233,1638440668,115095
234,1638440668,166162
235,1638440668,214807
236,1638440668,265100
237,1638440668,315170
238,1638440668,364554
239,1638440668,414302
240,1638440668,464079
241,1638440668,516357
242,1638440668,564253
243,1638440668,614016
244,1638440668,664083
245,1638440668,713136
246,1638440668,763797
247,1638440668,813249
248,1638440668,863411
249,1638440668,913218
250,1638440668,963494
251,1638440669,13491
252,1638440669,63923
253,1638440669,113643
254,1638440669,163901
255,1638440669,212905
256,1638440669,263650
257,1638440669,313746
258,1638440669,363098
259,1638440669,412811
260,1638440669,463454
261,1638440669,512642
262,1638440669,562780
263,1638440669,611694
264,1638440669,662013
265,1638440669,711776
266,1638440669,761811
267,1638440669,811273
268,1638440669,861567
269,1638440669,911222
270,1638440669,961510
271,1638440670,11413
272,1638440670,62141
273,1638440670,110949
274,1638440670,161125
275,1638440670,211545
276,1638440670,261286
277,1638440670,311533
278,1638440670,361006
279,1638440670,410793
280,1638440670,460758
281,1638440670,510893
282,1638440670,560460
283,1638440670,610624
284,1638440670,660744
285,1638440670,710721
286,1638440670,761073
287,1638440670,810778
288,1638440670,860907
289,1638440670,910497
290,1638440670,961070
291,1638440671,10605
292,1638440671,60446
293,1638440671,110571
294,1638440671,160678
295,1638440671,210830
296,1638440671,260415
297,1638440671,310003
298,1638440671,360801
299,1638440671,410414
300,1638440671,460770
301,1638440671,513342
302,1638440671,560500
303,1638440671,611176
304,1638440671,660817
305,1638440671,710158
306,1638440671,760425
307,1638440671,809966
308,1638440671,860699
309,1638440671,910106
310,1638440671,960115
311,1638440672,10924
312,1638440672,60487
313,1638440672,110553
314,1638440672,160532
315,1638440672,210458
316,1638440672,260755
317,1638440672,310619
318,1638440672,361036
319,1638440672,412588
320,1638440672,461156
321,1638440672,511377
322,1638440672,561062
323,1638440672,611525
324,1638440672,661988
325,1638440672,711625
326,1638440672,761797
327,1638440672,811632
328,1638440672,861858
329,1638440672,912069
330,1638440672,961995
331,1638440673,11416
332,1638440673,61873
333,1638440673,111695
334,1638440673,161641
335,1638440673,211806
336,1638440673,261947
337,1638440673,311648
338,1638440673,361855
339,1638440673,411196
340,1638440673,461984
341,1638440673,511521
342,1638440673,561621
343,1638440673,611670
344,1638440673,661778
345,1638440673,711536
346,1638440673,761724
347,1638440673,811040
348,1638440673,862022
349,1638440673,911237
350,1638440673,961623
351,1638440674,11259
352,1638440674,62668
353,1638440674,111241
354,1638440674,161962
355,1638440674,212661
356,1638440674,261247
357,1638440674,310793
358,1638440674,361256
359,1638440674,410661
360,1638440674,460834
361,1638440674,513071
362,1638440674,560273
363,1638440674,609806
364,1638440674,660197
365,1638440674,709963
366,1638440674,759655
367,1638440674,809547
368,1638440674,859897
369,1638440674,908774
370,1638440674,959096
371,1638440675,9336
372,1638440675,58776
373,1638440675,109039
374,1638440675,158740
375,1638440675,208611
376,1638440675,258845
377,1638440675,308197
378,1638440675,358255
379,1638440675,407832
380,1638440675,458687
381,1638440675,507890
382,1638440675,557785
383,1638440675,607168
384,1638440675,657343
385,1638440675,707279
386,1638440675,756779
387,1638440675,807370
388,1638440675,858400
389,1638440675,907124
390,1638440675,957195
391,1638440676,7140
392,1638440676,57113
393,1638440676,107232
394,1638440676,157248
395,1638440676,207257
396,1638440676,257090
397,1638440676,307271
398,1638440676,356724
399,1638440676,406503
400,1638440676,456504
401,1638440676,506670
402,1638440676,556311
403,1638440676,606173
404,1638440676,655938
405,1638440676,706320
406,1638440676,756012
407,1638440676,805776
408,1638440676,855729
409,1638440676,906031
410,1638440676,955785
411,1638440677,5416
412,1638440677,55170
413,1638440677,105580
414,1638440677,155398
415,1638440677,205406
416,1638440677,254709
417,1638440677,305109
418,1638440677,354853
419,1638440677,404951
420,1638440677,454199
421,1638440677,507547
422,1638440677,554555
423,1638440677,604879
424,1638440677,654580
425,1638440677,704980
426,1638440677,754065
427,1638440677,804222
428,1638440677,854588
429,1638440677,904203
430,1638440677,954249
431,1638440678,4217
432,1638440678,54046
433,1638440678,104278
434,1638440678,154106
435,1638440678,204422
436,1638440678,254176
437,1638440678,304092
438,1638440678,354259
439,1638440678,404250
440,1638440678,454109
441,1638440678,504102
442,1638440678,554130
443,1638440678,604264
444,1638440678,653973
445,1638440678,703916
446,1638440678,754097
447,1638440678,804139
448,1638440678,853942
449,1638440678,903832
450,1638440678,953800
451,1638440679,4175
452,1638440679,54054
453,1638440679,104414
454,1638440679,154569
455,1638440679,204444
456,1638440679,254705
457,1638440679,305747
458,1638440679,355138
459,1638440679,404921
460,1638440679,455149
461,1638440679,505075
462,1638440679,555529
463,1638440679,605841
464,1638440679,655594
465,1638440679,706550
466,1638440679,755485
467,1638440679,805724
468,1638440679,855497
469,1638440679,905574
470,1638440679,955429
471,1638440680,5470
472,1638440680,55605
473,1638440680,105745
474,1638440680,155276
475,1638440680,205550
476,1638440680,255493
477,1638440680,305564
478,1638440680,355735
479,1638440680,405416
480,1638440680,455259
481,1638440680,508798
482,1638440680,555178
483,1638440680,605457
484,1638440680,655207
485,1638440680,705364
486,1638440680,754901
487,1638440680,805309
488,1638440680,855565
489,1638440680,905404
490,1638440680,955324
491,1638440681,5421
492,1638440681,55335
493,1638440681,105302
494,1638440681,155597
495,1638440681,205561
496,1638440681,255061
497,1638440681,305029
498,1638440681,354914
499,1638440681,404710
500,1638440681,454693
501,1638440681,504696
502,1638440681,554564
503,1638440681,604114
504,1638440681,653975
505,1638440681,704552
506,1638440681,754170
507,1638440681,805316
508,1638440681,853334
509,1638440681,904129
510,1638440681,953114
511,1638440682,3452
512,1638440682,53368
513,1638440682,103460
514,1638440682,153082
515,1638440682,203496
516,1638440682,252609
517,1638440682,302486
518,1638440682,351977
519,1638440682,402598
520,1638440682,451776
521,1638440682,502009
522,1638440682,551232
523,1638440682,601538
524,1638440682,651211
525,1638440682,701496
526,1638440682,751189
527,1638440682,801490
528,1638440682,851236
529,1638440682,901491
530,1638440682,950940
531,1638440683,1190
532,1638440683,51021
533,1638440683,100891
534,1638440683,151801
535,1638440683,201538
536,1638440683,250768
537,1638440683,300912
538,1638440683,350730
539,1638440683,400874
540,1638440683,450444
541,1638440683,502599
542,1638440683,550845
543,1638440683,600212
544,1638440683,649814
545,1638440683,699611
546,1638440683,749906
547,1638440683,799658
548,1638440683,849342
549,1638440683,899307
550,1638440683,949871
551,1638440684,79
552,1638440684,49741
553,1638440684,99649
554,1638440684,149475
555,1638440684,199356
556,1638440684,249381
557,1638440684,298828
558,1638440684,348760
559,1638440684,398865
560,1638440684,449884
561,1638440684,499036
562,1638440684,549108
563,1638440684,598849
564,1638440684,649057
565,1638440684,698817
566,1638440684,748999
567,1638440684,798772
568,1638440684,848645
569,1638440684,898300
570,1638440684,948446
571,1638440684,998704
572,1638440685,48296
573,1638440685,98081
574,1638440685,148509
575,1638440685,198145
576,1638440685,248115
577,1638440685,298146
578,1638440685,348257
579,1638440685,397972
580,1638440685,448502
581,1638440685,498073
582,1638440685,548142
583,1638440685,598009
584,1638440685,647944
585,1638440685,697954
586,1638440685,747961
587,1638440685,797707
588,1638440685,847951
589,1638440685,897858
590,1638440685,947975
591,1638440685,998054
592,1638440686,48539
593,1638440686,98349
594,1638440686,148343
595,1638440686,198165
596,1638440686,248833
597,1638440686,298693
598,1638440686,349230
599,1638440686,398728
600,1638440686,448959
601,1638440686,502594
602,1638440686,549546
603,1638440686,599422
604,1638440686,649577
605,1638440686,699327
606,1638440686,749272
607,1638440686,799258
608,1638440686,849954
609,1638440686,899449
610,1638440686,949963
611,1638440687,238
612,1638440687,52559
613,1638440687,99450
614,1638440687,149461
615,1638440687,199256
616,1638440687,249225
617,1638440687,299187
618,1638440687,349239
619,1638440687,400147
620,1638440687,449007
621,1638440687,499331
622,1638440687,549238
623,1638440687,599111
624,1638440687,649090
625,1638440687,699161
626,1638440687,749143
627,1638440687,800676
628,1638440687,849720
629,1638440687,899458
630,1638440687,949320
631,1638440687,999288
632,1638440688,49056
633,1638440688,98943
634,1638440688,149196
635,1638440688,198605
636,1638440688,248546
637,1638440688,298126
638,1638440688,348412
639,1638440688,398309
640,1638440688,448310
641,1638440688,497820
642,1638440688,548122
643,1638440688,598320
644,1638440688,648255
645,1638440688,697489
646,1638440688,747852
647,1638440688,797699
648,1638440688,847793
649,1638440688,897547
650,1638440688,947321
651,1638440688,997323
652,1638440689,47307
653,1638440689,96521
654,1638440689,146561
655,1638440689,196656
656,1638440689,246730
657,1638440689,296186
658,1638440689,346430
659,1638440689,396415
660,1638440689,446384
661,1638440689,498441
662,1638440689,545873
663,1638440689,596036
664,1638440689,645603
665,1638440689,694835
666,1638440689,745667
667,1638440689,795366
668,1638440689,845411
669,1638440689,895369
670,1638440689,945636
671,1638440689,995635
672,1638440690,45702
673,1638440690,95496
674,1638440690,145064
675,1638440690,195063
676,1638440690,245489
677,1638440690,294753
678,1638440690,344866
679,1638440690,394756
680,1638440690,445382
681,1638440690,495080
682,1638440690,544796
683,1638440690,594209
684,1638440690,644673
685,1638440690,694230
686,1638440690,744824
687,1638440690,794113
688,1638440690,844992
689,1638440690,893893
690,1638440690,944443
691,1638440690,994004
692,1638440691,43966
693,1638440691,93971
694,1638440691,144109
695,1638440691,193209
696,1638440691,244022
697,1638440691,293014
698,1638440691,343106
699,1638440691,392774
700,1638440691,442967
701,1638440691,492829
702,1638440691,543026
703,1638440691,592669
704,1638440691,642852
705,1638440691,692467
706,1638440691,743814
707,1638440691,792178
708,1638440691,842531
709,1638440691,892671
710,1638440691,942359
711,1638440691,992507
712,1638440692,42572
713,1638440692,92551
714,1638440692,142296
715,1638440692,192272
716,1638440692,242516
717,1638440692,292403
718,1638440692,342563
719,1638440692,391962
720,1638440692,442354
721,1638440692,494911
722,1638440692,543062
723,1638440692,592030
724,1638440692,641866
725,1638440692,691831
726,1638440692,742094
727,1638440692,791941
728,1638440692,842066
729,1638440692,892165
730,1638440692,942201
731,1638440692,992445
732,1638440693,42218
733,1638440693,92352
734,1638440693,142264
735,1638440693,192396
736,1638440693,243290
737,1638440693,292428
738,1638440693,342962
739,1638440693,392755
740,1638440693,442925
741,1638440693,493002
742,1638440693,543222
743,1638440693,593222
744,1638440693,643122
745,1638440693,693394
746,1638440693,743139
747,1638440693,793369
748,1638440693,843665
749,1638440693,893108
750,1638440693,943362
751,1638440693,993294
752,1638440694,43262
753,1638440694,93510
754,1638440694,142959
755,1638440694,193269
756,1638440694,242914
757,1638440694,293003
758,1638440694,343464
759,1638440694,393093
760,1638440694,443166
761,1638440694,493690
762,1638440694,542992
763,1638440694,593433
764,1638440694,642881
765,1638440694,693644
766,1638440694,743394
767,1638440694,793061
768,1638440694,843395
769,1638440694,893075
770,1638440694,942497
771,1638440694,992518
772,1638440695,42575
773,1638440695,92806
774,1638440695,142242
775,1638440695,193462
776,1638440695,241965
777,1638440695,292055
778,1638440695,341849
779,1638440695,392090
780,1638440695,441766
781,1638440695,495514
782,1638440695,541559
783,1638440695,592004
784,1638440695,641580
785,1638440695,691063
786,1638440695,741233
787,1638440695,791144
788,1638440695,841244
789,1638440695,890827
790,1638440695,940748
791,1638440695,991045
792,1638440696,40449
793,1638440696,90470
794,1638440696,140260
795,1638440696,190400
796,1638440696,240234
797,1638440696,290212
798,1638440696,339874
799,1638440696,389870
800,1638440696,439876
801,1638440696,489370
802,1638440696,539313
803,1638440696,589158
804,1638440696,639401
805,1638440696,689130
806,1638440696,738717
807,1638440696,789149
808,1638440696,838748
809,1638440696,888909
810,1638440696,938572
811,1638440696,988840
812,1638440697,38821
813,1638440697,89609
814,1638440697,138258
815,1638440697,188769
816,1638440697,238652
817,1638440697,288437
818,1638440697,338146
819,1638440697,388225
820,1638440697,437889
821,1638440697,488220
822,1638440697,538028
823,1638440697,588134
824,1638440697,637867
825,1638440697,688216
826,1638440697,737698
827,1638440697,788214
828,1638440697,838044
829,1638440697,888297
830,1638440697,937861
831,1638440697,987847
832,1638440698,37376
833,1638440698,88058
834,1638440698,137104
835,1638440698,187135
836,1638440698,237085
837,1638440698,286856
838,1638440698,336426
839,1638440698,387139
840,1638440698,436400
841,1638440698,490136
842,1638440698,536620
843,1638440698,586929
844,1638440698,636587
845,1638440698,686536
846,1638440698,736496
847,1638440698,786824
848,1638440698,836623
849,1638440698,887124
850,1638440698,937050
851,1638440698,986799
852,1638440699,36319
853,1638440699,86436
854,1638440699,135943
855,1638440699,186960
856,1638440699,236355
857,1638440699,286266
858,1638440699,336214
859,1638440699,386412
860,1638440699,436274
861,1638440699,486077
862,1638440699,535708
863,1638440699,586253
864,1638440699,635656
865,1638440699,685840
866,1638440699,735612
867,1638440699,786094
868,1638440699,835636
869,1638440699,886174
870,1638440699,936022
871,1638440699,985905
872,1638440700,35905
873,1638440700,86291
874,1638440700,136323
875,1638440700,186780
876,1638440700,236211
877,1638440700,286807
878,1638440700,336267
879,1638440700,386539
880,1638440700,436784
881,1638440700,486935
882,1638440700,536659
883,1638440700,586814
884,1638440700,636953
885,1638440700,687107
886,1638440700,737003
887,1638440700,787013
888,1638440700,837021
889,1638440700,886825
890,1638440700,936931
891,1638440700,987179
892,1638440701,37819
893,1638440701,86926
894,1638440701,137054
895,1638440701,186868
896,1638440701,237228
897,1638440701,286978
898,1638440701,336874
899,1638440701,386952
900,1638440701,436724
901,1638440701,490899
902,1638440701,537074
903,1638440701,586922
904,1638440701,636839
905,1638440701,686531
906,1638440701,736804
907,1638440701,787086
908,1638440701,836939
909,1638440701,886838
910,1638440701,936659
911,1638440701,986618
912,1638440702,36546
913,1638440702,86549
914,1638440702,136385
915,1638440702,186346
916,1638440702,236302
917,1638440702,286331
918,1638440702,336202
919,1638440702,386463
920,1638440702,436137
921,1638440702,485899
922,1638440702,535740
923,1638440702,585468
924,1638440702,635621
925,1638440702,685543
926,1638440702,735204
927,1638440702,785364
928,1638440702,835150
929,1638440702,885017
930,1638440702,935301
931,1638440702,984813
932,1638440703,34951
933,1638440703,84642
934,1638440703,134375
935,1638440703,185342
936,1638440703,234331
937,1638440703,283746
938,1638440703,334081
939,1638440703,383802
940,1638440703,433824
941,1638440703,483670
942,1638440703,533347
943,1638440703,583772
944,1638440703,633100
945,1638440703,683221
946,1638440703,733028
947,1638440703,782725
948,1638440703,833137
949,1638440703,883158
950,1638440703,932601
951,1638440703,982993
952,1638440704,32791
953,1638440704,82681
954,1638440704,132549
955,1638440704,182772
956,1638440704,232695
957,1638440704,282658
958,1638440704,332560
959,1638440704,382549
960,1638440704,432821
961,1638440704,485757
962,1638440704,532545
963,1638440704,583840
964,1638440704,632375
965,1638440704,682684
966,1638440704,732460
967,1638440704,782094
968,1638440704,832024
969,1638440704,881990
970,1638440704,932184
971,1638440704,982056
972,1638440705,32164
973,1638440705,81969
974,1638440705,131867
975,1638440705,181169
976,1638440705,231568
977,1638440705,281296
978,1638440705,330861
979,1638440705,381198
980,1638440705,431112
981,1638440705,480935
982,1638440705,530859
983,1638440705,580468
984,1638440705,630863
985,1638440705,680945
986,1638440705,731040
987,1638440705,780637
988,1638440705,830780
989,1638440705,880488
990,1638440705,930796
991,1638440705,980280
992,1638440706,30518
993,1638440706,80227
994,1638440706,130550
995,1638440706,180200
996,1638440706,231741
997,1638440706,279941
998,1638440706,330171
999,1638440706,379624
1000,1638440706,430295
1001,1638440706,479790
1002,1638440706,530013
1003,1638440706,579933
1004,1638440706,631361
1005,1638440706,680031
1006,1638440706,729938
1007,1638440706,779857
1008,1638440706,830162
1009,1638440706,879981
1010,1638440706,930305
1011,1638440706,980026
1012,1638440707,30288
1013,1638440707,80410
1014,1638440707,130678
1015,1638440707,180214
1016,1638440707,230415
1017,1638440707,280455
1018,1638440707,330714
1019,1638440707,380562
1020,1638440707,430787
1021,1638440707,485014
1022,1638440707,531367
1023,1638440707,581107
1024,1638440707,631373
1025,1638440707,680950
1026,1638440707,731072
1027,1638440707,780796
1028,1638440707,831247
1029,1638440707,881184
1030,1638440707,931318
1031,1638440707,980715
1032,1638440708,31069
1033,1638440708,80964
1034,1638440708,131058
1035,1638440708,181211
1036,1638440708,231018
1037,1638440708,280886
1038,1638440708,330772
1039,1638440708,380683
1040,1638440708,430956
1041,1638440708,480824
1042,1638440708,530976
1043,1638440708,580767
1044,1638440708,630853
1045,1638440708,680488
1046,1638440708,731533
1047,1638440708,780505
1048,1638440708,830233
1049,1638440708,880370
1050,1638440708,930033
1051,1638440708,980340
1052,1638440709,30531
1053,1638440709,80418
1054,1638440709,130031
1055,1638440709,179817
1056,1638440709,229962
1057,1638440709,279939
1058,1638440709,329904
1059,1638440709,379955
1060,1638440709,429834
1061,1638440709,479599
1062,1638440709,529646
1063,1638440709,579383
1064,1638440709,629458
1065,1638440709,679626
1066,1638440709,729078
1067,1638440709,779251
1068,1638440709,829317
1069,1638440709,879106
1070,1638440709,928847
1071,1638440709,978995
1072,1638440710,28571
1073,1638440710,79500
1074,1638440710,128379
1075,1638440710,178278
1076,1638440710,228031
1077,1638440710,278290
1078,1638440710,328047
1079,1638440710,378142
1080,1638440710,427541
1081,1638440710,481045
1082,1638440710,527595
1083,1638440710,577780
1084,1638440710,627243
1085,1638440710,677215
1086,1638440710,726695
1087,1638440710,777246
1088,1638440710,826838
1089,1638440710,876936
1090,1638440710,926773
1091,1638440710,976805
1092,1638440711,26521
1093,1638440711,76673
1094,1638440711,126809
1095,1638440711,176696
1096,1638440711,226426
1097,1638440711,276560
1098,1638440711,326828
1099,1638440711,376736
1100,1638440711,426199
1101,1638440711,476733
1102,1638440711,526295
1103,1638440711,576058
1104,1638440711,626538
1105,1638440711,676101
1106,1638440711,726629
1107,1638440711,776495
1108,1638440711,826019
1109,1638440711,876412
1110,1638440711,925996
1111,1638440711,976278
1112,1638440712,25983
1113,1638440712,76275
1114,1638440712,125787
1115,1638440712,175750
1116,1638440712,225646
1117,1638440712,275586
1118,1638440712,325178
1119,1638440712,375913
1120,1638440712,425507
1121,1638440712,475334
1122,1638440712,524992
1123,1638440712,575514
1124,1638440712,625214
1125,1638440712,674933
1126,1638440712,725139
1127,1638440712,775133
1128,1638440712,825107
1129,1638440712,875363
1130,1638440712,924993
1131,1638440712,975221
1132,1638440713,24716
1133,1638440713,74846
1134,1638440713,124672
1135,1638440713,174698
1136,1638440713,224678
1137,1638440713,274095
1138,1638440713,324391
1139,1638440713,374496
1140,1638440713,424291
1141,1638440713,478200
1142,1638440713,524038
1143,1638440713,574179
1144,1638440713,624058
1145,1638440713,674120
1146,1638440713,724042
1147,1638440713,774175
1148,1638440713,823780
1149,1638440713,874402
1150,1638440713,925020
1151,1638440713,974341
1152,1638440714,24306
1153,1638440714,74618
1154,1638440714,124280
1155,1638440714,174622
1156,1638440714,224169
1157,1638440714,274553
1158,1638440714,325524
1159,1638440714,374911
1160,1638440714,424520
1161,1638440714,474820
1162,1638440714,524864
1163,1638440714,575024
1164,1638440714,624871
1165,1638440714,675340
1166,1638440714,724825
1167,1638440714,775105
1168,1638440714,825026
1169,1638440714,875472
1170,1638440714,924817
1171,1638440714,975152
1172,1638440715,24848
1173,1638440715,74984
1174,1638440715,124986
1175,1638440715,175203
1176,1638440715,224740
1177,1638440715,274986
1178,1638440715,324747
1179,1638440715,374997
1180,1638440715,424631
1181,1638440715,475029
1182,1638440715,524956
1183,1638440715,574834
1184,1638440715,624516
1185,1638440715,674432
1186,1638440715,724416
1187,1638440715,774395
1188,1638440715,824162
1189,1638440715,874198
1190,1638440715,923942
1191,1638440715,973884
1192,1638440716,23434
1193,1638440716,73771
1194,1638440716,123795
1195,1638440716,173647
1196,1638440716,223435
1197,1638440716,273766
1198,1638440716,323388
1199,1638440716,373337
1200,1638440716,422905
1201,1638440716,476637
1202,1638440716,523099
1203,1638440716,572935
1204,1638440716,622577
1205,1638440716,672893
1206,1638440716,722916
1207,1638440716,772939
1208,1638440716,822749
1209,1638440716,872417
1210,1638440716,922550
1211,1638440716,972427
1212,1638440717,22411
1213,1638440717,71813
1214,1638440717,121972
1215,1638440717,172007
1216,1638440717,221819
1217,1638440717,271443
1218,1638440717,321583
1219,1638440717,371249
1220,1638440717,421380
1221,1638440717,471109
1222,1638440717,521479
1223,1638440717,571122
1224,1638440717,621063
1225,1638440717,670837
1226,1638440717,720737
1227,1638440717,771531
1228,1638440717,820645
1229,1638440717,870758
1230,1638440717,920753
1231,1638440717,970441
1232,1638440718,20947
1233,1638440718,70430
1234,1638440718,121042
1235,1638440718,171078
1236,1638440718,220523
1237,1638440718,270131
1238,1638440718,320385
1239,1638440718,370280
1240,1638440718,419962
1241,1638440718,469878
1242,1638440718,520400
1243,1638440718,569930
1244,1638440718,620367
1245,1638440718,670107
1246,1638440718,719723
1247,1638440718,770050
1248,1638440718,819949
1249,1638440718,869886
1250,1638440718,920115
1251,1638440718,969804
1252,1638440719,19667
1253,1638440719,69112
1254,1638440719,119474
1255,1638440719,169326
1256,1638440719,219376
1257,1638440719,269143
1258,1638440719,318977
1259,1638440719,369118
1260,1638440719,419099
1261,1638440719,472068
1262,1638440719,518928
1263,1638440719,569058
1264,1638440719,619050
1265,1638440719,668746
1266,1638440719,718812
1267,1638440719,768889
1268,1638440719,819161
1269,1638440719,868769
1270,1638440719,918799
1271,1638440719,968700
1272,1638440720,18753
1273,1638440720,68229
1274,1638440720,118567
1275,1638440720,169618
1276,1638440720,218434
1277,1638440720,268517
1278,1638440720,318445
1279,1638440720,368069
1280,1638440720,418207
1281,1638440720,468029
1282,1638440720,518274
1283,1638440720,567956
1284,1638440720,618250
1285,1638440720,667954
1286,1638440720,718150
1287,1638440720,768044
1288,1638440720,818115
1289,1638440720,868157
1290,1638440720,918319
1291,1638440720,968126
1292,1638440721,18564
1293,1638440721,67947
1294,1638440721,118465
1295,1638440721,167942
1296,1638440721,218576
1297,1638440721,268394
1298,1638440721,318137
1299,1638440721,368517
1300,1638440721,418756
1301,1638440721,468412
1302,1638440721,519013
1303,1638440721,568549
1304,1638440721,619372
1305,1638440721,668676
1306,1638440721,718730
1307,1638440721,768824
1308,1638440721,818917
1309,1638440721,868682
1310,1638440721,918744
1311,1638440721,968397
1312,1638440722,19645
1313,1638440722,68427
1314,1638440722,118898
1315,1638440722,168300
1316,1638440722,218849
1317,1638440722,268086
1318,1638440722,318871
1319,1638440722,368137
1320,1638440722,418823
1321,1638440722,472556
1322,1638440722,518750
1323,1638440722,568178
1324,1638440722,618244
1325,1638440722,668226
1326,1638440722,718520
1327,1638440722,767929
1328,1638440722,818368
1329,1638440722,867736
1330,1638440722,917982
1331,1638440722,967828
1332,1638440723,18020
1333,1638440723,67537
1334,1638440723,117808
1335,1638440723,167807
1336,1638440723,217807
1337,1638440723,267460
1338,1638440723,317572
1339,1638440723,367394
1340,1638440723,416777
1341,1638440723,467062
1342,1638440723,517410
1343,1638440723,567188
1344,1638440723,617264
1345,1638440723,666944
1346,1638440723,717037
1347,1638440723,766504
1348,1638440723,816813
1349,1638440723,866509
1350,1638440723,916587
1351,1638440723,966592
1352,1638440724,16725
1353,1638440724,65850
1354,1638440724,116010
1355,1638440724,166289
1356,1638440724,216145
1357,1638440724,266163
1358,1638440724,315861
1359,1638440724,365496
1360,1638440724,415427
1361,1638440724,465407
1362,1638440724,515082
1363,1638440724,565419
1364,1638440724,615393
1365,1638440724,665391
1366,1638440724,714875
1367,1638440724,764990
1368,1638440724,814788
1369,1638440724,864845
1370,1638440724,915206
1371,1638440724,964730
1372,1638440725,14460
1373,1638440725,64703
1374,1638440725,114470
1375,1638440725,164629
1376,1638440725,214761
1377,1638440725,264579
1378,1638440725,314245
1379,1638440725,364570
1380,1638440725,414466
1381,1638440725,471049
1382,1638440725,514297
1383,1638440725,564637
1384,1638440725,614323
1385,1638440725,664540
1386,1638440725,714086
1387,1638440725,764176
1388,1638440725,814167
1389,1638440725,864854
1390,1638440725,913840
1391,1638440725,964041
1392,1638440726,13913
1393,1638440726,63622
1394,1638440726,113292
1395,1638440726,163982
1396,1638440726,213056
1397,1638440726,263420
1398,1638440726,313042
1399,1638440726,363471
1400,1638440726,412931
1401,1638440726,463283
1402,1638440726,512934
1403,1638440726,563154
1404,1638440726,612969
1405,1638440726,663193
1406,1638440726,712869
1407,1638440726,762776
1408,1638440726,813123
1409,1638440726,862846
1410,1638440726,912796
1411,1638440726,962346
1412,1638440727,12646
1413,1638440727,62966
1414,1638440727,112410
1415,1638440727,162864
1416,1638440727,212436
1417,1638440727,262809
1418,1638440727,312615
1419,1638440727,362722
1420,1638440727,412773
1421,1638440727,462706
1422,1638440727,512269
1423,1638440727,562705
1424,1638440727,612410
1425,1638440727,662267
1426,1638440727,712079
1427,1638440727,762163
1428,1638440727,812521
1429,1638440727,864011
1430,1638440727,912505
1431,1638440727,962145
1432,1638440728,12344
1433,1638440728,62478
1434,1638440728,112188
1435,1638440728,162481
1436,1638440728,212227
1437,1638440728,262257
1438,1638440728,312545
1439,1638440728,362442
1440,1638440728,412559
1441,1638440728,467209
1442,1638440728,512403
1443,1638440728,562989
1444,1638440728,612778
1445,1638440728,663106
1446,1638440728,712550
1447,1638440728,763039
1448,1638440728,812365
1449,1638440728,863058
1450,1638440728,912129
1451,1638440728,962697
1452,1638440729,12343
1453,1638440729,62700
1454,1638440729,112497
1455,1638440729,162568
1456,1638440729,212236
1457,1638440729,262291
1458,1638440729,313030
1459,1638440729,362343
1460,1638440729,412216
1461,1638440729,462196
1462,1638440729,511704
1463,1638440729,562291
1464,1638440729,612239
1465,1638440729,662444
1466,1638440729,712722
1467,1638440729,762218
1468,1638440729,811592
1469,1638440729,862406
1470,1638440729,911514
1471,1638440729,961746
1472,1638440730,11772
1473,1638440730,61557
1474,1638440730,111329
1475,1638440730,161537
1476,1638440730,211141
1477,1638440730,261641
1478,1638440730,311311
1479,1638440730,361561
1480,1638440730,410996
1481,1638440730,461278
1482,1638440730,510992
1483,1638440730,560857
1484,1638440730,611041
1485,1638440730,660842
1486,1638440730,710556
1487,1638440730,761228
1488,1638440730,810377
1489,1638440730,860539
1490,1638440730,910344
1491,1638440730,961219
1492,1638440731,9864
1493,1638440731,60881
1494,1638440731,110157
1495,1638440731,160310
1496,1638440731,210047
1497,1638440731,260187
1498,1638440731,309443
1499,1638440731,359946
1500,1638440731,409658
1501,1638440731,463364
1502,1638440731,509589
1503,1638440731,559281
1504,1638440731,609356
1505,1638440731,659440
1506,1638440731,710146
1507,1638440731,758912
1508,1638440731,809136
1509,1638440731,858818
1510,1638440731,909187
1511,1638440731,959156
1512,1638440732,9177
1513,1638440732,59467
1514,1638440732,109217
1515,1638440732,159308
1516,1638440732,208704
1517,1638440732,258897
1518,1638440732,308479
1519,1638440732,358924
1520,1638440732,408530
1521,1638440732,458907
1522,1638440732,508647
1523,1638440732,559073
1524,1638440732,608384
1525,1638440732,658296
1526,1638440732,708556
1527,1638440732,758258
1528,1638440732,808259
1529,1638440732,858123
1530,1638440732,908266
1531,1638440732,957940
1532,1638440733,7761
1533,1638440733,58148
1534,1638440733,107569
1535,1638440733,158367
1536,1638440733,207447
1537,1638440733,257578
1538,1638440733,307093
1539,1638440733,357477
1540,1638440733,407343
1541,1638440733,457501
1542,1638440733,507234
1543,1638440733,557992
1544,1638440733,607419
1545,1638440733,658129
1546,1638440733,707778
1547,1638440733,756900
1548,1638440733,807461
1549,1638440733,856979
1550,1638440733,907219
1551,1638440733,957036
1552,1638440734,7119
1553,1638440734,57127
1554,1638440734,107047
1555,1638440734,156982
1556,1638440734,207076
1557,1638440734,256666
1558,1638440734,306711
1559,1638440734,356482
1560,1638440734,406914
1561,1638440734,461669
1562,1638440734,507411
1563,1638440734,556610
1564,1638440734,606418
1565,1638440734,656478
1566,1638440734,706905
1567,1638440734,756497
1568,1638440734,806626
1569,1638440734,856594
1570,1638440734,906601
1571,1638440734,956575
1572,1638440735,6619
1573,1638440735,56478
1574,1638440735,106486
1575,1638440735,156119
1576,1638440735,206293
1577,1638440735,256660
1578,1638440735,306227
1579,1638440735,356145
1580,1638440735,406477
1581,1638440735,456613
1582,1638440735,506491
1583,1638440735,556662
1584,1638440735,606188
1585,1638440735,656278
1586,1638440735,706396
1587,1638440735,755962
1588,1638440735,806205
1589,1638440735,856068
1590,1638440735,906106
1591,1638440735,956101
1592,1638440736,5734
1593,1638440736,56075
1594,1638440736,106029
1595,1638440736,156019
1596,1638440736,205907
1597,1638440736,255811
1598,1638440736,305958
1599,1638440736,355772
1600,1638440736,405799
1601,1638440736,455901
1602,1638440736,505306
1603,1638440736,555844
1604,1638440736,606094
1605,1638440736,656047
1606,1638440736,705772
1607,1638440736,755149
1608,1638440736,805899
1609,1638440736,855253
1610,1638440736,905729
1611,1638440736,955415
1612,1638440737,6600
1613,1638440737,55012
1614,1638440737,105751
1615,1638440737,155074
1616,1638440737,205714
1617,1638440737,254829
1618,1638440737,305172
1619,1638440737,354614
1620,1638440737,405996
1621,1638440737,459190
1622,1638440737,504923
1623,1638440737,554666
1624,1638440737,604892
1625,1638440737,654205
1626,1638440737,704759
1627,1638440737,754474
1628,1638440737,804289
1629,1638440737,854133
1630,1638440737,904570
1631,1638440737,954140
1632,1638440738,5624
1633,1638440738,54217
1634,1638440738,104034
1635,1638440738,153693
1636,1638440738,203945
1637,1638440738,253594
1638,1638440738,303848
1639,1638440738,353213
1640,1638440738,403623
1641,1638440738,453086
1642,1638440738,503930
1643,1638440738,553088
1644,1638440738,603117
1645,1638440738,653077
1646,1638440738,703274
1647,1638440738,752558
1648,1638440738,803086
1649,1638440738,852612
1650,1638440738,902389
1651,1638440738,952448
1652,1638440739,2674
1653,1638440739,52475
1654,1638440739,102678
1655,1638440739,152369
1656,1638440739,202369
1657,1638440739,252112
1658,1638440739,302726
1659,1638440739,352644
1660,1638440739,403173
1661,1638440739,452013
1662,1638440739,502217
1663,1638440739,551862
1664,1638440739,602201
1665,1638440739,651758
1666,1638440739,701708
1667,1638440739,751665
1668,1638440739,802035
1669,1638440739,851705
1670,1638440739,901314
1671,1638440739,951360
1672,1638440740,1893
1673,1638440740,51044
1674,1638440740,101269
1675,1638440740,151204
1676,1638440740,201407
1677,1638440740,251059
1678,1638440740,301335
1679,1638440740,350997
1680,1638440740,401245
1681,1638440740,455253
1682,1638440740,501054
1683,1638440740,550944
1684,1638440740,600772
1685,1638440740,650846
1686,1638440740,700965
1687,1638440740,750466
1688,1638440740,801189
1689,1638440740,851501
1690,1638440740,901290
1691,1638440740,950919
1692,1638440741,536
1693,1638440741,51010
1694,1638440741,100692
1695,1638440741,150659
1696,1638440741,200678
1697,1638440741,251458
1698,1638440741,300404
1699,1638440741,350841
1700,1638440741,400505
1701,1638440741,450268
1702,1638440741,500453
1703,1638440741,550616
1704,1638440741,600289
1705,1638440741,650239
1706,1638440741,700330
1707,1638440741,750405
1708,1638440741,800106
1709,1638440741,850379
1710,1638440741,900053
1711,1638440741,949896
1712,1638440742,157
1713,1638440742,50079
1714,1638440742,99984
1715,1638440742,149794
1716,1638440742,200200
1717,1638440742,250198
1718,1638440742,299954
1719,1638440742,350169
1720,1638440742,399853
1721,1638440742,450115
1722,1638440742,499565
1723,1638440742,549786
1724,1638440742,599550
1725,1638440742,649660
1726,1638440742,699727
1727,1638440742,749783
1728,1638440742,799632
1729,1638440742,849464
1730,1638440742,899510
1731,1638440742,949860
1732,1638440742,999410
1733,1638440743,49189
1734,1638440743,99282
1735,1638440743,149664
1736,1638440743,199101
1737,1638440743,249731
1738,1638440743,299230
1739,1638440743,349149
1740,1638440743,398960
1741,1638440743,454125
1742,1638440743,499002
1743,1638440743,549444
1744,1638440743,599337
1745,1638440743,649515
1746,1638440743,698912
1747,1638440743,749404
1748,1638440743,799009
1749,1638440743,849154
1750,1638440743,898844
1751,1638440743,949193
1752,1638440743,999341
1753,1638440744,49243
1754,1638440744,98994
1755,1638440744,148874
1756,1638440744,198849
1757,1638440744,248844
1758,1638440744,298550
1759,1638440744,348539
1760,1638440744,398349
1761,1638440744,448575
1762,1638440744,498468
1763,1638440744,548113
1764,1638440744,598282
1765,1638440744,648226
1766,1638440744,698703
1767,1638440744,747883
1768,1638440744,797857
1769,1638440744,848101
1770,1638440744,897863
1771,1638440744,948110
1772,1638440744,997960
1773,1638440745,47772
1774,1638440745,98522
1775,1638440745,147891
1776,1638440745,197658
1777,1638440745,247675
1778,1638440745,297577
1779,1638440745,347551
1780,1638440745,397187
1781,1638440745,447455
1782,1638440745,498404
1783,1638440745,547182
1784,1638440745,597028
1785,1638440745,647161
1786,1638440745,697073
1787,1638440745,747165
1788,1638440745,797382
1789,1638440745,847177
1790,1638440745,897606
1791,1638440745,946662
1792,1638440745,996646
1793,1638440746,46590
1794,1638440746,96447
1795,1638440746,146561
1796,1638440746,196091
1797,1638440746,246437
1798,1638440746,296032
1799,1638440746,346638
1800,1638440746,395990
1801,1638440746,450943
1802,1638440746,495684
1803,1638440746,546159
1804,1638440746,595399
1805,1638440746,645549
1806,1638440746,695592
1807,1638440746,745394
1808,1638440746,795096
1809,1638440746,845801
1810,1638440746,894943
1811,1638440746,945142
1812,1638440746,995048
1813,1638440747,45046
1814,1638440747,94959
1815,1638440747,144789
1816,1638440747,194695
1817,1638440747,245093
1818,1638440747,294537
1819,1638440747,345221
1820,1638440747,394631
1821,1638440747,445094
1822,1638440747,494892
1823,1638440747,545222
1824,1638440747,594885
1825,1638440747,644817
1826,1638440747,694605
1827,1638440747,744910
1828,1638440747,794310
1829,1638440747,844962
1830,1638440747,894862
1831,1638440747,945297
1832,1638440747,994353
1833,1638440748,44803
1834,1638440748,94713
1835,1638440748,144986
1836,1638440748,194692
1837,1638440748,244523
1838,1638440748,294749
1839,1638440748,344882
1840,1638440748,394277
1841,1638440748,444521
1842,1638440748,494543
1843,1638440748,545065
1844,1638440748,594237
1845,1638440748,644471
1846,1638440748,694321
1847,1638440748,744515
1848,1638440748,794299
1849,1638440748,843985
1850,1638440748,893973
1851,1638440748,944643
1852,1638440748,994040
1853,1638440749,44269
1854,1638440749,93952
1855,1638440749,144099
1856,1638440749,193908
1857,1638440749,243702
1858,1638440749,293772
1859,1638440749,343999
1860,1638440749,393812
1861,1638440749,448825
1862,1638440749,493889
1863,1638440749,543761
1864,1638440749,593939
1865,1638440749,643414
1866,1638440749,693395
1867,1638440749,743338
1868,1638440749,793661
1869,1638440749,843511
1870,1638440749,893774
1871,1638440749,943169
1872,1638440749,994114
1873,1638440750,43466
1874,1638440750,93347
1875,1638440750,143107
1876,1638440750,193294
1877,1638440750,243151
1878,1638440750,292977
1879,1638440750,343148
1880,1638440750,392897
1881,1638440750,442797
1882,1638440750,493271
1883,1638440750,542931
1884,1638440750,592759
1885,1638440750,642967
1886,1638440750,692837
1887,1638440750,742826
1888,1638440750,793029
1889,1638440750,842865
1890,1638440750,892687
1891,1638440750,943288
1892,1638440750,992783
1893,1638440751,42490
1894,1638440751,92703
1895,1638440751,142628
1896,1638440751,192557
1897,1638440751,242310
1898,1638440751,292302
1899,1638440751,342095
1900,1638440751,392078
1901,1638440751,441865
1902,1638440751,491847
1903,1638440751,541978
1904,1638440751,592196
1905,1638440751,641750
1906,1638440751,691916
1907,1638440751,741910
1908,1638440751,791942
1909,1638440751,841726
1910,1638440751,891799
1911,1638440751,941552
1912,1638440751,991476
1913,1638440752,41579
1914,1638440752,91574
1915,1638440752,141415
1916,1638440752,191300
1917,1638440752,241304
1918,1638440752,291112
1919,1638440752,341303
1920,1638440752,391851
1921,1638440752,445338
1922,1638440752,491201
1923,1638440752,541338
1924,1638440752,591078
1925,1638440752,641295
1926,1638440752,690679
1927,1638440752,740510
1928,1638440752,791531
1929,1638440752,840642
1930,1638440752,890443
1931,1638440752,940350
1932,1638440752,990474
1933,1638440753,40473
1934,1638440753,90392
1935,1638440753,140158
1936,1638440753,191376
1937,1638440753,239875
1938,1638440753,290216
1939,1638440753,339741
1940,1638440753,389917
1941,1638440753,439872
1942,1638440753,489804
1943,1638440753,539667
1944,1638440753,589529
1945,1638440753,639364
1946,1638440753,689588
1947,1638440753,739200
1948,1638440753,789650
1949,1638440753,839327
1950,1638440753,889596
1951,1638440753,939190
1952,1638440753,989280
1953,1638440754,38977
1954,1638440754,89499
1955,1638440754,138855
1956,1638440754,189622
1957,1638440754,238987
1958,1638440754,289453
1959,1638440754,338911
1960,1638440754,389147
1961,1638440754,438880
1962,1638440754,489654
1963,1638440754,538807
1964,1638440754,588833
1965,1638440754,638488
1966,1638440754,689118
1967,1638440754,738816
1968,1638440754,789858
1969,1638440754,838431
1970,1638440754,889032
1971,1638440754,938525
1972,1638440754,988550
1973,1638440755,38281
1974,1638440755,88743
1975,1638440755,138417
1976,1638440755,189001
1977,1638440755,238241
1978,1638440755,288559
1979,1638440755,338386
1980,1638440755,388779
1981,1638440755,442740
1982,1638440755,488206
1983,1638440755,538095
1984,1638440755,588183
1985,1638440755,637716
1986,1638440755,688185
1987,1638440755,737626
1988,1638440755,788428
1989,1638440755,837897
1990,1638440755,887694
1991,1638440755,937671
1992,1638440755,987490
1993,1638440756,37143
1994,1638440756,87804
1995,1638440756,137291
1996,1638440756,187917
1997,1638440756,238463
1998,1638440756,287833
1999,1638440756,337172
2000,1638440756,387220
2001,1638440756,437629
2002,1638440756,487568
2003,1638440756,537060
2004,1638440756,587584
2005,1638440756,638067
2006,1638440756,687236
2007,1638440756,737425
2008,1638440756,787498
2009,1638440756,837094
2010,1638440756,886888
2011,1638440756,937170
2012,1638440756,986642
2013,1638440757,36548
2014,1638440757,87238
2015,1638440757,136472
2016,1638440757,187038
2017,1638440757,237049
2018,1638440757,286901
2019,1638440757,336646
2020,1638440757,386736
2021,1638440757,436150
2022,1638440757,486624
2023,1638440757,536594
2024,1638440757,586742
2025,1638440757,636507
2026,1638440757,686243
2027,1638440757,736552
2028,1638440757,786827
2029,1638440757,836096
2030,1638440757,885960
2031,1638440757,936223
2032,1638440757,986114
2033,1638440758,35970
2034,1638440758,85490
2035,1638440758,135695
2036,1638440758,185284
2037,1638440758,235910
2038,1638440758,285149
2039,1638440758,335436
2040,1638440758,384988
2041,1638440758,440336
2042,1638440758,485063
2043,1638440758,535304
2044,1638440758,584967
2045,1638440758,636238
2046,1638440758,684881
2047,1638440758,734945
2048,1638440758,784704
2049,1638440758,834769
2050,1638440758,884662
2051,1638440758,934792
2052,1638440758,984888
2053,1638440759,35783
2054,1638440759,84782
2055,1638440759,134823
2056,1638440759,184741
2057,1638440759,234502
2058,1638440759,284552
2059,1638440759,334629
2060,1638440759,384762
2061,1638440759,434296
2062,1638440759,484294
2063,1638440759,534321
2064,1638440759,584045
2065,1638440759,634538
2066,1638440759,683884
2067,1638440759,734073
2068,1638440759,783810
2069,1638440759,834193
2070,1638440759,884082
2071,1638440759,933845
2072,1638440759,983384
2073,1638440760,33479
2074,1638440760,84324
2075,1638440760,133309
2076,1638440760,183477
2077,1638440760,233421
2078,1638440760,283403
2079,1638440760,333310
2080,1638440760,382953
2081,1638440760,432987
2082,1638440760,483365
2083,1638440760,533082
2084,1638440760,582751
2085,1638440760,632672
2086,1638440760,682589
2087,1638440760,732814
2088,1638440760,782665
2089,1638440760,832873
2090,1638440760,883760
2091,1638440760,932968
2092,1638440760,982650
2093,1638440761,32828
2094,1638440761,82389
2095,1638440761,132575
2096,1638440761,182459
2097,1638440761,232339
2098,1638440761,282108
2099,1638440761,332111
2100,1638440761,382242
2101,1638440761,437880
2102,1638440761,482403
2103,1638440761,532171
2104,1638440761,581750
2105,1638440761,632487
2106,1638440761,682041
2107,1638440761,732483
2108,1638440761,781732
2109,1638440761,832060
2110,1638440761,881847
2111,1638440761,932229
2112,1638440761,981752
2113,1638440762,31929
2114,1638440762,81721
2115,1638440762,131740
2116,1638440762,181354
2117,1638440762,232010
2118,1638440762,281190
2119,1638440762,332196
2120,1638440762,381589
2121,1638440762,431721
2122,1638440762,481183
2123,1638440762,531167
2124,1638440762,581049
2125,1638440762,631074
2126,1638440762,681092
2127,1638440762,731193
2128,1638440762,780729
2129,1638440762,831073
2130,1638440762,880805
2131,1638440762,931020
2132,1638440762,980788
2133,1638440763,30990
2134,1638440763,80832
2135,1638440763,130931
2136,1638440763,180608
2137,1638440763,230618
2138,1638440763,280413
2139,1638440763,330555
2140,1638440763,380552
2141,1638440763,430464
2142,1638440763,480415
2143,1638440763,530316
2144,1638440763,580219
2145,1638440763,630562
2146,1638440763,680433
2147,1638440763,730524
2148,1638440763,779946
2149,1638440763,830308
2150,1638440763,880404
2151,1638440763,930924
2152,1638440763,980177
2153,1638440764,30373
2154,1638440764,80003
2155,1638440764,130273
2156,1638440764,179838
2157,1638440764,229770
2158,1638440764,279519
2159,1638440764,330467
2160,1638440764,379907
2161,1638440764,436259
2162,1638440764,479878
2163,1638440764,529590
2164,1638440764,579583
2165,1638440764,629414
2166,1638440764,679197
2167,1638440764,730264
2168,1638440764,779265
2169,1638440764,829216
2170,1638440764,879816
2171,1638440764,929267
2172,1638440764,979116
2173,1638440765,29153
2174,1638440765,79176
2175,1638440765,128919
2176,1638440765,179063
2177,1638440765,228791
2178,1638440765,278613
2179,1638440765,328793
2180,1638440765,378629
2181,1638440765,428782
2182,1638440765,478666
2183,1638440765,528744
2184,1638440765,578755
2185,1638440765,628423
2186,1638440765,678623
2187,1638440765,728362
2188,1638440765,778545
2189,1638440765,828436
2190,1638440765,878359
2191,1638440765,928464
2192,1638440765,978459
2193,1638440766,28259
2194,1638440766,78340
2195,1638440766,128034
2196,1638440766,178238
2197,1638440766,228715
2198,1638440766,278183
2199,1638440766,327751
2200,1638440766,377824
2201,1638440766,427920
2202,1638440766,477957
2203,1638440766,527519
2204,1638440766,577960
2205,1638440766,627481
2206,1638440766,677867
2207,1638440766,727570
2208,1638440766,777611
2209,1638440766,827690
2210,1638440766,877639
2211,1638440766,927407
2212,1638440766,977411
2213,1638440767,27261
2214,1638440767,77340
2215,1638440767,127206
2216,1638440767,177110
2217,1638440767,227248
2218,1638440767,276960
2219,1638440767,327054
2220,1638440767,376930
2221,1638440767,432346
2222,1638440767,476989
2223,1638440767,526908
2224,1638440767,576944
2225,1638440767,626741
2226,1638440767,676652
2227,1638440767,726678
2228,1638440767,777530
2229,1638440767,826607
2230,1638440767,876563
2231,1638440767,926657
2232,1638440767,976710
2233,1638440768,26638
2234,1638440768,76384
2235,1638440768,126412
2236,1638440768,177124
2237,1638440768,226306
2238,1638440768,276425
2239,1638440768,326048
2240,1638440768,376424
2241,1638440768,426039
2242,1638440768,476275
2243,1638440768,526199
2244,1638440768,577132
2245,1638440768,626002
2246,1638440768,676182
2247,1638440768,725784
2248,1638440768,776009
2249,1638440768,825927
2250,1638440768,876066
2251,1638440768,926009
2252,1638440768,976181
2253,1638440769,25862
2254,1638440769,75532
2255,1638440769,125685
2256,1638440769,175649
2257,1638440769,225610
2258,1638440769,275483
2259,1638440769,325339
2260,1638440769,375529
2261,1638440769,425257
2262,1638440769,475530
2263,1638440769,525218
2264,1638440769,575464
2265,1638440769,624850
2266,1638440769,675326
2267,1638440769,725003
2268,1638440769,775458
2269,1638440769,824655
2270,1638440769,874948
2271,1638440769,924859
2272,1638440769,974754
2273,1638440770,24473
2274,1638440770,75276
2275,1638440770,124588
2276,1638440770,174491
2277,1638440770,224553
2278,1638440770,274944
2279,1638440770,324424
2280,1638440770,374564
2281,1638440770,429633
2282,1638440770,474729
2283,1638440770,524282
2284,1638440770,574316
2285,1638440770,624076
2286,1638440770,674401
2287,1638440770,723976
2288,1638440770,774400
2289,1638440770,824064
2290,1638440770,874298
2291,1638440770,924026
2292,1638440770,976989
2293,1638440771,23882
2294,1638440771,74077
2295,1638440771,124059
2296,1638440771,174121
2297,1638440771,224062
2298,1638440771,274038
2299,1638440771,323752
2300,1638440771,374033
2301,1638440771,423492
2302,1638440771,473779
2303,1638440771,523365
2304,1638440771,573820
2305,1638440771,624733
2306,1638440771,673728
2307,1638440771,723154
2308,1638440771,773343
2309,1638440771,823065
2310,1638440771,873395
2311,1638440771,923116
2312,1638440771,973163
2313,1638440772,24221
2314,1638440772,73034
2315,1638440772,122992
2316,1638440772,173063
2317,1638440772,223105
2318,1638440772,272720
2319,1638440772,323064
2320,1638440772,372820
2321,1638440772,422626
2322,1638440772,472697
2323,1638440772,522755
2324,1638440772,572635
2325,1638440772,622468
2326,1638440772,672575
2327,1638440772,722521
2328,1638440772,772314
2329,1638440772,822153
2330,1638440772,872174
2331,1638440772,922098
2332,1638440772,972212
2333,1638440773,22263
2334,1638440773,71962
2335,1638440773,122209
2336,1638440773,171981
2337,1638440773,221944
2338,1638440773,271957
2339,1638440773,321940
2340,1638440773,371930
2341,1638440773,427038
2342,1638440773,471958
2343,1638440773,521625
2344,1638440773,571729
2345,1638440773,621771
2346,1638440773,671679
2347,1638440773,721696
2348,1638440773,771586
2349,1638440773,821413
2350,1638440773,871515
2351,1638440773,921751
2352,1638440773,971320
2353,1638440774,21512
2354,1638440774,71227
2355,1638440774,121302
2356,1638440774,171120
2357,1638440774,221406
2358,1638440774,271228
2359,1638440774,321335
2360,1638440774,371153
2361,1638440774,421076
2362,1638440774,470960
2363,1638440774,521018
2364,1638440774,570733
2365,1638440774,620725
2366,1638440774,670859
2367,1638440774,721012
2368,1638440774,770812
2369,1638440774,820791
2370,1638440774,870543
2371,1638440774,920620
2372,1638440774,970767
2373,1638440775,20697
2374,1638440775,70466
2375,1638440775,120641
2376,1638440775,170503
2377,1638440775,220264